楽曲名,ジャンル,譜面定数,難易度,配信日,ジャケット画像名
Baphomet,オリジナル,14.4,INFLUENCE,2024/12/11,images/0000/img0001.png
Baphomet,オリジナル,12.6,HARD,2024/12/11,images/0000/img0001.png
Baphomet,オリジナル,8,NORMAL,2024/12/11,images/0000/img0001.png
Baphomet,オリジナル,4,EASY,2024/12/11,images/0000/img0001.png
Λkasha,オリジナル,14.3,INFLUENCE,2026/2/19,images/0000/img0002.png
Λkasha,オリジナル,12.9,HARD,2026/2/19,images/0000/img0002.png
Λkasha,オリジナル,8,NORMAL,2026/2/19,images/0000/img0002.png
Λkasha,オリジナル,4,EASY,2026/2/19,images/0000/img0002.png
neu,オリジナル,14,INFLUENCE,2025/12/18,images/0000/img0003.png
neu,オリジナル,12.4,HARD,2025/12/18,images/0000/img0003.png
neu,オリジナル,8,NORMAL,2025/12/18,images/0000/img0003.png
neu,オリジナル,4,EASY,2025/12/18,images/0000/img0003.png
Crescent:Letter,オリジナル,14,INFLUENCE,2025/12/11,images/0000/img0004.png
Crescent:Letter,オリジナル,12.5,HARD,2025/12/11,images/0000/img0004.png
Crescent:Letter,オリジナル,8,NORMAL,2025/12/11,images/0000/img0004.png
Crescent:Letter,オリジナル,4,EASY,2025/12/11,images/0000/img0004.png
while (screen is blue),オリジナル,13.9,INFLUENCE,2026/2/19,images/0000/img0005.png
while (screen is blue),オリジナル,12.7,HARD,2026/2/19,images/0000/img0005.png
while (screen is blue),オリジナル,7,NORMAL,2026/2/19,images/0000/img0005.png
while (screen is blue),オリジナル,3,EASY,2026/2/19,images/0000/img0005.png
Smintheus,オリジナル,13.9,INFLUENCE,2026/6/18,images/0000/img0006.png
Smintheus,オリジナル,11.7,HARD,2026/6/18,images/0000/img0006.png
Smintheus,オリジナル,8,NORMAL,2026/6/18,images/0000/img0006.png
Smintheus,オリジナル,4,EASY,2026/6/18,images/0000/img0006.png
IX,オリジナル,13.9,INFLUENCE,2026/1/8,images/0000/img0007.png
IX,オリジナル,11.8,HARD,2026/1/8,images/0000/img0007.png
IX,オリジナル,8,NORMAL,2026/1/8,images/0000/img0007.png
IX,オリジナル,3,EASY,2026/1/8,images/0000/img0007.png
Dyscontrolled Galaxy,オリジナル,13.9,INFLUENCE,2025/5/1,images/0000/img0008.png
Dyscontrolled Galaxy,オリジナル,11.7,HARD,2025/5/1,images/0000/img0008.png
Dyscontrolled Galaxy,オリジナル,8,NORMAL,2025/5/1,images/0000/img0008.png
Dyscontrolled Galaxy,オリジナル,4,EASY,2025/5/1,images/0000/img0008.png
神威,バラエティ,13.8,INFLUENCE,2024/9/19,images/0000/img0009.png
神威,バラエティ,12.2,HARD,2024/9/19,images/0000/img0009.png
神威,バラエティ,8,NORMAL,2024/9/19,images/0000/img0009.png
神威,バラエティ,4,EASY,2024/9/19,images/0000/img0009.png
Saiph,オリジナル,13.8,INFLUENCE,2025/12/11,images/0000/img0010.png
Saiph,オリジナル,11.9,HARD,2025/12/11,images/0000/img0010.png
Saiph,オリジナル,7,NORMAL,2025/12/11,images/0000/img0010.png
Saiph,オリジナル,3,EASY,2025/12/11,images/0000/img0010.png
STULTI,オリジナル,13.8,INFLUENCE,2025/3/27,images/0000/img0011.png
STULTI,オリジナル,11.4,HARD,2025/3/27,images/0000/img0011.png
STULTI,オリジナル,7,NORMAL,2025/3/27,images/0000/img0011.png
STULTI,オリジナル,3,EASY,2025/3/27,images/0000/img0011.png
RUINA,オリジナル,13.8,INFLUENCE,2026/3/26,images/0000/img0012.png
RUINA,オリジナル,11.8,HARD,2026/3/26,images/0000/img0012.png
RUINA,オリジナル,8,NORMAL,2026/3/26,images/0000/img0012.png
RUINA,オリジナル,3,EASY,2026/3/26,images/0000/img0012.png
PUPA,バラエティ,13.8,INFLUENCE,2024/4/4,images/0000/img0013.png
PUPA,バラエティ,11.5,HARD,2024/4/4,images/0000/img0013.png
PUPA,バラエティ,8,NORMAL,2024/4/4,images/0000/img0013.png
PUPA,バラエティ,4,EASY,2024/4/4,images/0000/img0013.png
L,バラエティ,13.8,INFLUENCE,2025/3/27,images/0000/img0014.png
L,バラエティ,10.5,HARD,2025/3/27,images/0000/img0014.png
L,バラエティ,6,NORMAL,2025/3/27,images/0000/img0014.png
L,バラエティ,4,EASY,2025/3/27,images/0000/img0014.png
Ghost Family Living In Graveyard,オリジナル,13.8,INFLUENCE,2025/7/10,images/0000/img0015.png
Ghost Family Living In Graveyard,オリジナル,11.6,HARD,2025/7/10,images/0000/img0015.png
Ghost Family Living In Graveyard,オリジナル,7,NORMAL,2025/7/10,images/0000/img0015.png
Ghost Family Living In Graveyard,オリジナル,4,EASY,2025/7/10,images/0000/img0015.png
DISTORDER,オリジナル,13.8,INFLUENCE,2025/12/11,images/0000/img0016.png
DISTORDER,オリジナル,11.8,HARD,2025/12/11,images/0000/img0016.png
DISTORDER,オリジナル,8,NORMAL,2025/12/11,images/0000/img0016.png
DISTORDER,オリジナル,4,EASY,2025/12/11,images/0000/img0016.png
ミスクレイジースピード,オリジナル,13.7,INFLUENCE,2026/2/5,images/0000/img0017.png
ミスクレイジースピード,オリジナル,11.2,HARD,2026/2/5,images/0000/img0017.png
ミスクレイジースピード,オリジナル,7,NORMAL,2026/2/5,images/0000/img0017.png
ミスクレイジースピード,オリジナル,3,EASY,2026/2/5,images/0000/img0017.png
"Pick up, Me!",オリジナル,13.7,INFLUENCE,2026/2/5,images/0000/img0018.png
"Pick up, Me!",オリジナル,11.6,HARD,2026/2/5,images/0000/img0018.png
"Pick up, Me!",オリジナル,8,NORMAL,2026/2/5,images/0000/img0018.png
"Pick up, Me!",オリジナル,4,EASY,2026/2/5,images/0000/img0018.png
HYENA,オリジナル,13.7,INFLUENCE,2025/8/7,images/0000/img0019.png
HYENA,オリジナル,11.9,HARD,2025/8/7,images/0000/img0019.png
HYENA,オリジナル,7,NORMAL,2025/8/7,images/0000/img0019.png
HYENA,オリジナル,4,EASY,2025/8/7,images/0000/img0019.png
555 (Please call me “Go! Go! Go!”),オリジナル,13.7,INFLUENCE,2024/12/11,images/0000/img0020.png
555 (Please call me “Go! Go! Go!”),オリジナル,11.9,HARD,2024/12/11,images/0000/img0020.png
555 (Please call me “Go! Go! Go!”),オリジナル,8,NORMAL,2024/12/11,images/0000/img0020.png
555 (Please call me “Go! Go! Go!”),オリジナル,4,EASY,2024/12/11,images/0000/img0020.png
極圏,オリジナル,13.6,INFLUENCE,2025/12/4,images/0000/img0021.png
極圏,オリジナル,11.5,HARD,2025/12/4,images/0000/img0021.png
極圏,オリジナル,7,NORMAL,2025/12/4,images/0000/img0021.png
極圏,オリジナル,4,EASY,2025/12/4,images/0000/img0021.png
断罪のミメシス,オリジナル,13.6,INFLUENCE,2026/6/18,images/0000/img0022.png
断罪のミメシス,オリジナル,11.6,HARD,2026/6/18,images/0000/img0022.png
断罪のミメシス,オリジナル,7,NORMAL,2026/6/18,images/0000/img0022.png
断罪のミメシス,オリジナル,4,EASY,2026/6/18,images/0000/img0022.png
TECHNOPHOBIA,オリジナル,13.6,INFLUENCE,2026/4/23,images/0000/img0023.png
TECHNOPHOBIA,オリジナル,11.2,HARD,2026/4/23,images/0000/img0023.png
TECHNOPHOBIA,オリジナル,7,NORMAL,2026/4/23,images/0000/img0023.png
TECHNOPHOBIA,オリジナル,3,EASY,2026/4/23,images/0000/img0023.png
QUATTUORUX,バラエティ,13.6,INFLUENCE,2024/8/1,images/0000/img0024.png
QUATTUORUX,バラエティ,12,HARD,2024/8/1,images/0000/img0024.png
QUATTUORUX,バラエティ,8,NORMAL,2024/8/1,images/0000/img0024.png
QUATTUORUX,バラエティ,3,EASY,2024/8/1,images/0000/img0024.png
Elemental Creation,オリジナル,13.6,INFLUENCE,2025/3/27,images/0000/img0025.png
Elemental Creation,オリジナル,11.3,HARD,2025/3/27,images/0000/img0025.png
Elemental Creation,オリジナル,8,NORMAL,2025/3/27,images/0000/img0025.png
Elemental Creation,オリジナル,4,EASY,2025/3/27,images/0000/img0025.png
EBONY & IVORY,オリジナル,13.6,INFLUENCE,2025/1/22,images/0000/img0026.png
EBONY & IVORY,オリジナル,11,HARD,2025/1/22,images/0000/img0026.png
EBONY & IVORY,オリジナル,7,NORMAL,2025/1/22,images/0000/img0026.png
EBONY & IVORY,オリジナル,4,EASY,2025/1/22,images/0000/img0026.png
混乱少女♥そふらんちゃん!!,オリジナル,13.5,INFLUENCE,2026/5/29,images/0000/img0027.png
混乱少女♥そふらんちゃん!!,オリジナル,10.6,HARD,2026/5/29,images/0000/img0027.png
混乱少女♥そふらんちゃん!!,オリジナル,7,NORMAL,2026/5/29,images/0000/img0027.png
混乱少女♥そふらんちゃん!!,オリジナル,4,EASY,2026/5/29,images/0000/img0027.png
天邪鬼,オリジナル,13.5,INFLUENCE,2026/4/23,images/0000/img0028.png
天邪鬼,オリジナル,10.8,HARD,2026/4/23,images/0000/img0028.png
天邪鬼,オリジナル,6,NORMAL,2026/4/23,images/0000/img0028.png
天邪鬼,オリジナル,2,EASY,2026/4/23,images/0000/img0028.png
Like the Starlight,オリジナル,13.5,INFLUENCE,2025/3/27,images/0000/img0029.png
Like the Starlight,オリジナル,10.5,HARD,2025/3/27,images/0000/img0029.png
Like the Starlight,オリジナル,8,NORMAL,2025/3/27,images/0000/img0029.png
Like the Starlight,オリジナル,3,EASY,2025/3/27,images/0000/img0029.png
GAIA,オリジナル,13.5,INFLUENCE,2025/3/27,images/0000/img0030.png
GAIA,オリジナル,10.9,HARD,2025/3/27,images/0000/img0030.png
GAIA,オリジナル,7,NORMAL,2025/3/27,images/0000/img0030.png
GAIA,オリジナル,2,EASY,2025/3/27,images/0000/img0030.png
Evans,オリジナル,13.5,INFLUENCE,2025/6/4,images/0000/img0031.png
Evans,オリジナル,10.7,HARD,2025/6/4,images/0000/img0031.png
Evans,オリジナル,7,NORMAL,2025/6/4,images/0000/img0031.png
Evans,オリジナル,4,EASY,2025/6/4,images/0000/img0031.png
Daisycutter,オリジナル,13.5,INFLUENCE,2025/9/26,images/0000/img0032.png
Daisycutter,オリジナル,10.1,HARD,2025/9/26,images/0000/img0032.png
Daisycutter,オリジナル,7,NORMAL,2025/9/26,images/0000/img0032.png
Daisycutter,オリジナル,4,EASY,2025/9/26,images/0000/img0032.png
プラネットヒーロー,ソーシャルミュージック,13.4,INFLUENCE,2025/5/1,images/0000/img0033.png
プラネットヒーロー,ソーシャルミュージック,9,HARD,2025/5/1,images/0000/img0033.png
プラネットヒーロー,ソーシャルミュージック,5,NORMAL,2025/5/1,images/0000/img0033.png
プラネットヒーロー,ソーシャルミュージック,3,EASY,2025/5/1,images/0000/img0033.png
What's up? Pop!,ソーシャルミュージック,13.4,INFLUENCE,2024/12/11,images/0000/img0034.png
What's up? Pop!,ソーシャルミュージック,11.9,HARD,2024/12/12,images/0000/img0034.png
What's up? Pop!,ソーシャルミュージック,7,NORMAL,2024/12/13,images/0000/img0034.png
What's up? Pop!,ソーシャルミュージック,4,EASY,2024/12/14,images/0000/img0034.png
SOLAR ECLIPSE,オリジナル,13.4,INFLUENCE,2026/7/16,images/0000/img0035.png
SOLAR ECLIPSE,オリジナル,11.3,HARD,2026/7/16,images/0000/img0035.png
SOLAR ECLIPSE,オリジナル,8,NORMAL,2026/7/16,images/0000/img0035.png
SOLAR ECLIPSE,オリジナル,4,EASY,2026/7/16,images/0000/img0035.png
El-Dorago,バラエティ,13.4,INFLUENCE,2025/5/28,images/0000/img0036.png
El-Dorago,バラエティ,10.7,HARD,2025/5/28,images/0000/img0036.png
El-Dorago,バラエティ,7,NORMAL,2025/5/28,images/0000/img0036.png
El-Dorago,バラエティ,4,EASY,2025/5/28,images/0000/img0036.png
Dream Re:CHORD,オリジナル,13.4,INFLUENCE,2026/3/26,images/0000/img0037.png
Dream Re:CHORD,オリジナル,11.7,HARD,2026/3/26,images/0000/img0037.png
Dream Re:CHORD,オリジナル,8,NORMAL,2026/3/26,images/0000/img0037.png
Dream Re:CHORD,オリジナル,3,EASY,2026/3/26,images/0000/img0037.png
ギザバ怪文書,ソーシャルミュージック,13.3,INFLUENCE,2024/5/30,images/0000/img0038.png
ギザバ怪文書,ソーシャルミュージック,11.6,HARD,2024/5/30,images/0000/img0038.png
ギザバ怪文書,ソーシャルミュージック,5,NORMAL,2024/5/30,images/0000/img0038.png
ギザバ怪文書,ソーシャルミュージック,3,EASY,2024/5/30,images/0000/img0038.png
The Burning of the Brain,オリジナル,14,POLAR,2026/1/22,images/0000/img0039.png
The Burning of the Brain,オリジナル,13.3,INFLUENCE,2026/1/22,images/0000/img0039.png
The Burning of the Brain,オリジナル,11.1,HARD,2026/1/22,images/0000/img0039.png
The Burning of the Brain,オリジナル,8,NORMAL,2026/1/22,images/0000/img0039.png
The Burning of the Brain,オリジナル,4,EASY,2026/1/22,images/0000/img0039.png
Test Flight,オリジナル,13.3,INFLUENCE,2025/12/4,images/0000/img0040.png
Test Flight,オリジナル,10.8,HARD,2025/12/4,images/0000/img0040.png
Test Flight,オリジナル,8,NORMAL,2025/12/4,images/0000/img0040.png
Test Flight,オリジナル,4,EASY,2025/12/4,images/0000/img0040.png
FRENZY HEART,オリジナル,13.3,INFLUENCE,2024/9/26,images/0000/img0041.png
FRENZY HEART,オリジナル,10.4,HARD,2024/9/26,images/0000/img0041.png
FRENZY HEART,オリジナル,6,NORMAL,2024/9/26,images/0000/img0041.png
FRENZY HEART,オリジナル,3,EASY,2024/9/26,images/0000/img0041.png
めうめうぺったんたん！！ (ZAQUVA Remix),オリジナル,13.2,INFLUENCE,2024/11/19,images/0000/img0042.png
めうめうぺったんたん！！ (ZAQUVA Remix),オリジナル,10.3,HARD,2024/11/19,images/0000/img0042.png
めうめうぺったんたん！！ (ZAQUVA Remix),オリジナル,7,NORMAL,2024/11/19,images/0000/img0042.png
めうめうぺったんたん！！ (ZAQUVA Remix),オリジナル,3,EASY,2024/11/19,images/0000/img0042.png
conflict,バラエティ,13.2,INFLUENCE,2024/4/18,images/0000/img0043.png
conflict,バラエティ,10.9,HARD,2024/4/18,images/0000/img0043.png
conflict,バラエティ,7,NORMAL,2024/4/18,images/0000/img0043.png
conflict,バラエティ,4,EASY,2024/4/18,images/0000/img0043.png
Temporal Veil,オリジナル,13.2,INFLUENCE,2024/9/4,images/0000/img0044.png
Temporal Veil,オリジナル,10.2,HARD,2024/9/4,images/0000/img0044.png
Temporal Veil,オリジナル,7,NORMAL,2024/9/4,images/0000/img0044.png
Temporal Veil,オリジナル,4,EASY,2024/9/4,images/0000/img0044.png
Last Twilight,オリジナル,13.2,INFLUENCE,2024/11/29,images/0000/img0045.png
Last Twilight,オリジナル,10.7,HARD,2024/11/29,images/0000/img0045.png
Last Twilight,オリジナル,6,NORMAL,2024/11/29,images/0000/img0045.png
Last Twilight,オリジナル,4,EASY,2024/11/29,images/0000/img0045.png
Ö<3rf10₩,オリジナル,13.1,INFLUENCE,2024/7/25,images/0000/img0046.png
Ö<3rf11₩,オリジナル,10.4,HARD,2024/7/25,images/0000/img0046.png
Ö<3rf12₩,オリジナル,7,NORMAL,2024/7/25,images/0000/img0046.png
Ö<3rf13₩,オリジナル,4,EASY,2024/7/25,images/0000/img0046.png
轟け！恋のビーンボール！！,オリジナル,13,INFLUENCE,2025/12/11,images/0000/img0047.png
轟け！恋のビーンボール！！,オリジナル,10.4,HARD,2025/12/11,images/0000/img0047.png
轟け！恋のビーンボール！！,オリジナル,7,NORMAL,2025/12/11,images/0000/img0047.png
轟け！恋のビーンボール！！,オリジナル,4,EASY,2025/12/11,images/0000/img0047.png
星界のアルペジオ,オリジナル,13,INFLUENCE,2024/9/26,images/0000/img0048.png
星界のアルペジオ,オリジナル,10.4,HARD,2024/9/26,images/0000/img0048.png
星界のアルペジオ,オリジナル,7,NORMAL,2024/9/26,images/0000/img0048.png
星界のアルペジオ,オリジナル,4,EASY,2024/9/26,images/0000/img0048.png
Any%,オリジナル,13,INFLUENCE,2026/6/18,images/0000/img0049.png
Any%,オリジナル,10.7,HARD,2026/6/18,images/0000/img0049.png
Any%,オリジナル,7,NORMAL,2026/6/18,images/0000/img0049.png
Any%,オリジナル,3,EASY,2026/6/18,images/0000/img0049.png
はらはら☆てぃーぱーてぃー,オリジナル,13.6,INFLUENCE,2026/8/20,images/0000/img0050.png
はらはら☆てぃーぱーてぃー,オリジナル,11.7,HARD,2026/8/20,images/0000/img0050.png
はらはら☆てぃーぱーてぃー,オリジナル,7,NORMAL,2026/8/20,images/0000/img0050.png
はらはら☆てぃーぱーてぃー,オリジナル,4,EASY,2026/8/20,images/0000/img0050.png
黒髪乱れし修羅となりて ～凛 edition～,オリジナル,12.9,INFLUENCE,2025/2/14,images/0000/img0051.png
黒髪乱れし修羅となりて ～凛 edition～,オリジナル,10.3,HARD,2025/2/14,images/0000/img0051.png
黒髪乱れし修羅となりて ～凛 edition～,オリジナル,7,NORMAL,2025/2/14,images/0000/img0051.png
黒髪乱れし修羅となりて ～凛 edition～,オリジナル,3,EASY,2025/2/14,images/0000/img0051.png
量子の海のリントヴルム,オリジナル,12.9,INFLUENCE,2025/6/4,images/0000/img0052.png
量子の海のリントヴルム,オリジナル,10.9,HARD,2025/6/4,images/0000/img0052.png
量子の海のリントヴルム,オリジナル,6,NORMAL,2025/6/4,images/0000/img0052.png
量子の海のリントヴルム,オリジナル,4,EASY,2025/6/4,images/0000/img0052.png
水鏡 (日下育彦 Cover),オリジナル,12.9,INFLUENCE,2024/12/11,images/0000/img0053.png
水鏡 (日下育彦 Cover),オリジナル,9,HARD,2024/12/11,images/0000/img0053.png
水鏡 (日下育彦 Cover),オリジナル,6,NORMAL,2024/12/11,images/0000/img0053.png
水鏡 (日下育彦 Cover),オリジナル,3,EASY,2024/12/11,images/0000/img0053.png
好きなところをたくさん言う！,オリジナル,12.9,INFLUENCE,2026/8/20,images/0000/img0054.png
好きなところをたくさん言う！,オリジナル,10.9,HARD,2026/8/20,images/0000/img0054.png
好きなところをたくさん言う！,オリジナル,6,NORMAL,2026/8/20,images/0000/img0054.png
好きなところをたくさん言う！,オリジナル,2,EASY,2026/8/20,images/0000/img0054.png
ロンロンへライライライ!,オリジナル,12.9,INFLUENCE,2024/6/6,images/0000/img0055.png
ロンロンへライライライ!,オリジナル,9,HARD,2024/6/6,images/0000/img0055.png
ロンロンへライライライ!,オリジナル,5,NORMAL,2024/6/6,images/0000/img0055.png
ロンロンへライライライ!,オリジナル,3,EASY,2024/6/6,images/0000/img0055.png
ミラクル・スイート・スイーツ・マジック！！,オリジナル,12.9,INFLUENCE,2024/12/18,images/0000/img0056.png
ミラクル・スイート・スイーツ・マジック！！,オリジナル,11.6,HARD,2024/12/18,images/0000/img0056.png
ミラクル・スイート・スイーツ・マジック！！,オリジナル,6,NORMAL,2024/12/18,images/0000/img0056.png
ミラクル・スイート・スイーツ・マジック！！,オリジナル,4,EASY,2024/12/18,images/0000/img0056.png
バルベリア・タンゴ,オリジナル,12.9,INFLUENCE,2024/11/29,images/0000/img0057.png
バルベリア・タンゴ,オリジナル,8,HARD,2024/11/29,images/0000/img0057.png
バルベリア・タンゴ,オリジナル,5,NORMAL,2024/11/29,images/0000/img0057.png
バルベリア・タンゴ,オリジナル,3,EASY,2024/11/29,images/0000/img0057.png
ネリと琥珀糖,オリジナル,12.9,INFLUENCE,2024/11/29,images/0000/img0058.png
ネリと琥珀糖,オリジナル,10.8,HARD,2024/11/29,images/0000/img0058.png
ネリと琥珀糖,オリジナル,6,NORMAL,2024/11/29,images/0000/img0058.png
ネリと琥珀糖,オリジナル,4,EASY,2024/11/29,images/0000/img0058.png
エキサイティング！！も・ちゃ・ちゃ☆,オリジナル,12.9,INFLUENCE,2024/11/19,images/0000/img0059.png
エキサイティング！！も・ちゃ・ちゃ☆,オリジナル,10.6,HARD,2024/11/19,images/0000/img0059.png
エキサイティング！！も・ちゃ・ちゃ☆,オリジナル,6,NORMAL,2024/11/19,images/0000/img0059.png
エキサイティング！！も・ちゃ・ちゃ☆,オリジナル,4,EASY,2024/11/19,images/0000/img0059.png
イガク,ソーシャルミュージック,12.9,INFLUENCE,2024/12/11,images/0000/img0060.png
イガク,ソーシャルミュージック,10.5,HARD,2024/12/11,images/0000/img0060.png
イガク,ソーシャルミュージック,7,NORMAL,2024/12/11,images/0000/img0060.png
イガク,ソーシャルミュージック,4,EASY,2024/12/11,images/0000/img0060.png
ちくわパフェだよ☆ＣＫＰ (Yvya Remix),オリジナル,12.9,INFLUENCE,2024/12/18,images/0000/img0061.png
ちくわパフェだよ☆ＣＫＰ (Yvya Remix),オリジナル,10.9,HARD,2024/12/18,images/0000/img0061.png
ちくわパフェだよ☆ＣＫＰ (Yvya Remix),オリジナル,5,NORMAL,2024/12/18,images/0000/img0061.png
ちくわパフェだよ☆ＣＫＰ (Yvya Remix),オリジナル,2,EASY,2024/12/18,images/0000/img0061.png
こぐまがいるんだ (大隈子熊 Cover),オリジナル,12.9,INFLUENCE,2024/5/3,images/0000/img0062.png
こぐまがいるんだ (大隈子熊 Cover),オリジナル,9,HARD,2024/5/3,images/0000/img0062.png
こぐまがいるんだ (大隈子熊 Cover),オリジナル,6,NORMAL,2024/5/3,images/0000/img0062.png
こぐまがいるんだ (大隈子熊 Cover),オリジナル,2,EASY,2024/5/3,images/0000/img0062.png
お米の美味しい炊き方、そしてお米を食べることによるその効果。,オリジナル,12.9,INFLUENCE,2025/3/27,images/0000/img0063.png
お米の美味しい炊き方、そしてお米を食べることによるその効果。,オリジナル,10.5,HARD,2025/3/27,images/0000/img0063.png
お米の美味しい炊き方、そしてお米を食べることによるその効果。,オリジナル,7,NORMAL,2025/3/27,images/0000/img0063.png
お米の美味しい炊き方、そしてお米を食べることによるその効果。,オリジナル,3,EASY,2025/3/27,images/0000/img0063.png
Synergy For Angels,オリジナル,12.9,INFLUENCE,2025/3/27,images/0000/img0064.png
Synergy For Angels,オリジナル,10.8,HARD,2025/3/27,images/0000/img0064.png
Synergy For Angels,オリジナル,6,NORMAL,2025/3/27,images/0000/img0064.png
Synergy For Angels,オリジナル,1,EASY,2025/3/27,images/0000/img0064.png
Submerge Serenade,オリジナル,12.9,INFLUENCE,2026/4/23,images/0000/img0065.png
Submerge Serenade,オリジナル,11.5,HARD,2026/4/23,images/0000/img0065.png
Submerge Serenade,オリジナル,7,NORMAL,2026/4/23,images/0000/img0065.png
Submerge Serenade,オリジナル,3,EASY,2026/4/23,images/0000/img0065.png
Stella Sinistra,オリジナル,12.9,INFLUENCE,2025/8/7,images/0000/img0066.png
Stella Sinistra,オリジナル,10.5,HARD,2025/8/7,images/0000/img0066.png
Stella Sinistra,オリジナル,6,NORMAL,2025/8/7,images/0000/img0066.png
Stella Sinistra,オリジナル,3,EASY,2025/8/7,images/0000/img0066.png
Re：End of a Dream,バラエティ,12.9,INFLUENCE,2024/12/11,images/0000/img0067.png
Re：End of a Dream,バラエティ,10.9,HARD,2024/12/11,images/0000/img0067.png
Re：End of a Dream,バラエティ,7,NORMAL,2024/12/11,images/0000/img0067.png
Re：End of a Dream,バラエティ,3,EASY,2024/12/11,images/0000/img0067.png
Old Heaven,バラエティ,12.9,INFLUENCE,2024/12/11,images/0000/img0068.png
Old Heaven,バラエティ,9,HARD,2024/12/11,images/0000/img0068.png
Old Heaven,バラエティ,6,NORMAL,2024/12/11,images/0000/img0068.png
Old Heaven,バラエティ,3,EASY,2024/12/11,images/0000/img0068.png
ONESELF,ソーシャルミュージック,12.9,INFLUENCE,2024/12/11,images/0000/img0069.png
ONESELF,ソーシャルミュージック,10.9,HARD,2024/12/11,images/0000/img0069.png
ONESELF,ソーシャルミュージック,5,NORMAL,2024/12/11,images/0000/img0069.png
ONESELF,ソーシャルミュージック,2,EASY,2024/12/11,images/0000/img0069.png
Into The Madness,オリジナル,12.9,INFLUENCE,2025/9/26,images/0000/img0070.png
Into The Madness,オリジナル,10.9,HARD,2025/9/26,images/0000/img0070.png
Into The Madness,オリジナル,7,NORMAL,2025/9/26,images/0000/img0070.png
Into The Madness,オリジナル,3,EASY,2025/9/26,images/0000/img0070.png
Innocent,オリジナル,12.9,INFLUENCE,2025/7/10,images/0000/img0071.png
Innocent,オリジナル,11.6,HARD,2025/7/10,images/0000/img0071.png
Innocent,オリジナル,7,NORMAL,2025/7/10,images/0000/img0071.png
Innocent,オリジナル,3,EASY,2025/7/10,images/0000/img0071.png
Excelsia,バラエティ,12.9,INFLUENCE,2024/12/11,images/0000/img0072.png
Excelsia,バラエティ,9,HARD,2024/12/11,images/0000/img0072.png
Excelsia,バラエティ,6,NORMAL,2024/12/11,images/0000/img0072.png
Excelsia,バラエティ,2,EASY,2024/12/11,images/0000/img0072.png
Eclipsed Wings,オリジナル,12.9,INFLUENCE,2026/1/22,images/0000/img0073.png
Eclipsed Wings,オリジナル,11,HARD,2026/1/22,images/0000/img0073.png
Eclipsed Wings,オリジナル,6,NORMAL,2026/1/22,images/0000/img0073.png
Eclipsed Wings,オリジナル,3,EASY,2026/1/22,images/0000/img0073.png
Dear Deer,オリジナル,12.9,INFLUENCE,2024/7/25,images/0000/img0074.png
Dear Deer,オリジナル,9,HARD,2024/7/25,images/0000/img0074.png
Dear Deer,オリジナル,7,NORMAL,2024/7/25,images/0000/img0074.png
Dear Deer,オリジナル,3,EASY,2024/7/25,images/0000/img0074.png
B.B.K.K.B.K.K.,バラエティ,12.9,INFLUENCE,2024/12/20,images/0000/img0075.png
B.B.K.K.B.K.K.,バラエティ,10.9,HARD,2024/12/20,images/0000/img0075.png
B.B.K.K.B.K.K.,バラエティ,6,NORMAL,2024/12/20,images/0000/img0075.png
B.B.K.K.B.K.K.,バラエティ,3,EASY,2024/12/20,images/0000/img0075.png
ANEMONE,Virtual,12.9,INFLUENCE,2024/8/1,images/0000/img0076.png
ANEMONE,Virtual,8,HARD,2024/8/1,images/0000/img0076.png
ANEMONE,Virtual,7,NORMAL,2024/8/1,images/0000/img0076.png
ANEMONE,Virtual,3,EASY,2024/8/1,images/0000/img0076.png
魔理沙は大変なものを盗んでいきました,東方,12.8,INFLUENCE,2024/3/27,images/0000/img0077.png
魔理沙は大変なものを盗んでいきました,東方,9,HARD,2024/3/27,images/0000/img0077.png
魔理沙は大変なものを盗んでいきました,東方,6,NORMAL,2024/3/27,images/0000/img0077.png
魔理沙は大変なものを盗んでいきました,東方,3,EASY,2024/3/27,images/0000/img0077.png
隅田川夏恋歌 (珠村日乃和 Cover),オリジナル,12.8,INFLUENCE,2025/7/24,images/0000/img0078.png
隅田川夏恋歌 (珠村日乃和 Cover),オリジナル,10.9,HARD,2025/7/24,images/0000/img0078.png
隅田川夏恋歌 (珠村日乃和 Cover),オリジナル,5,NORMAL,2025/7/24,images/0000/img0078.png
隅田川夏恋歌 (珠村日乃和 Cover),オリジナル,2,EASY,2025/7/24,images/0000/img0078.png
閉塞的フレーション,東方,12.8,INFLUENCE,2024/8/7,images/0000/img0079.png
閉塞的フレーション,東方,10.8,HARD,2024/8/7,images/0000/img0079.png
閉塞的フレーション,東方,6,NORMAL,2024/8/7,images/0000/img0079.png
閉塞的フレーション,東方,3,EASY,2024/8/7,images/0000/img0079.png
超最終鬼畜妹フランドール・S,東方,12.8,INFLUENCE,2024/11/7,images/0000/img0080.png
超最終鬼畜妹フランドール・S,東方,11,HARD,2024/11/7,images/0000/img0080.png
超最終鬼畜妹フランドール・S,東方,7,NORMAL,2024/11/7,images/0000/img0080.png
超最終鬼畜妹フランドール・S,東方,4,EASY,2024/11/7,images/0000/img0080.png
異常な音を出すガール,ソーシャルミュージック,12.8,INFLUENCE,2024/5/30,images/0000/img0081.png
異常な音を出すガール,ソーシャルミュージック,9,HARD,2024/5/30,images/0000/img0081.png
異常な音を出すガール,ソーシャルミュージック,6,NORMAL,2024/5/30,images/0000/img0081.png
異常な音を出すガール,ソーシャルミュージック,2,EASY,2024/5/30,images/0000/img0081.png
漆黒のスペシャルプリンセスサンデー,オリジナル,12.8,INFLUENCE,2025/11/13,images/0000/img0082.png
漆黒のスペシャルプリンセスサンデー,オリジナル,10.5,HARD,2025/11/13,images/0000/img0082.png
漆黒のスペシャルプリンセスサンデー,オリジナル,7,NORMAL,2025/11/13,images/0000/img0082.png
漆黒のスペシャルプリンセスサンデー,オリジナル,3,EASY,2025/11/13,images/0000/img0082.png
惑星☆ロリポップ,オリジナル,12.8,INFLUENCE,2025/1/22,images/0000/img0083.png
惑星☆ロリポップ,オリジナル,9,HARD,2025/1/22,images/0000/img0083.png
惑星☆ロリポップ,オリジナル,6,NORMAL,2025/1/22,images/0000/img0083.png
惑星☆ロリポップ,オリジナル,2,EASY,2025/1/22,images/0000/img0083.png
ミュージックプレイヤー,オリジナル,12.8,INFLUENCE,2025/9/26,images/0000/img0084.png
ミュージックプレイヤー,オリジナル,10.5,HARD,2025/9/26,images/0000/img0084.png
ミュージックプレイヤー,オリジナル,7,NORMAL,2025/9/26,images/0000/img0084.png
ミュージックプレイヤー,オリジナル,3,EASY,2025/9/26,images/0000/img0084.png
デッドボヲルdeホームラン,オリジナル,12.8,INFLUENCE,2025/10/23,images/0000/img0085.png
デッドボヲルdeホームラン,オリジナル,9,HARD,2025/10/23,images/0000/img0085.png
デッドボヲルdeホームラン,オリジナル,6,NORMAL,2025/10/23,images/0000/img0085.png
デッドボヲルdeホームラン,オリジナル,3,EASY,2025/10/23,images/0000/img0085.png
カジノファイヤーことみちゃん,Virtual,12.8,INFLUENCE,2025/9/29,images/0000/img0086.png
カジノファイヤーことみちゃん,Virtual,10.8,HARD,2025/9/29,images/0000/img0086.png
カジノファイヤーことみちゃん,Virtual,7,NORMAL,2025/9/29,images/0000/img0086.png
カジノファイヤーことみちゃん,Virtual,2,EASY,2025/9/29,images/0000/img0086.png
ウラボス,ソーシャルミュージック,12.8,INFLUENCE,2025/5/21,images/0000/img0087.png
ウラボス,ソーシャルミュージック,9,HARD,2025/5/21,images/0000/img0087.png
ウラボス,ソーシャルミュージック,5,NORMAL,2025/5/21,images/0000/img0087.png
ウラボス,ソーシャルミュージック,3,EASY,2025/5/21,images/0000/img0087.png
rottel-the-Mercury,オリジナル,12.8,INFLUENCE,2026/7/16,images/0000/img0088.png
rottel-the-Mercury,オリジナル,10.5,HARD,2026/7/16,images/0000/img0088.png
rottel-the-Mercury,オリジナル,8,NORMAL,2026/7/16,images/0000/img0088.png
rottel-the-Mercury,オリジナル,2,EASY,2026/7/16,images/0000/img0088.png
VALLIS-NERIA,オリジナル,12.8,INFLUENCE,2025/3/27,images/0000/img0089.png
VALLIS-NERIA,オリジナル,10.4,HARD,2025/3/27,images/0000/img0089.png
VALLIS-NERIA,オリジナル,7,NORMAL,2025/3/27,images/0000/img0089.png
VALLIS-NERIA,オリジナル,4,EASY,2025/3/27,images/0000/img0089.png
Trendy Cloudy LolIPopS,オリジナル,12.8,INFLUENCE,2025/7/24,images/0000/img0090.png
Trendy Cloudy LolIPopS,オリジナル,9,HARD,2025/7/24,images/0000/img0090.png
Trendy Cloudy LolIPopS,オリジナル,6,NORMAL,2025/7/24,images/0000/img0090.png
Trendy Cloudy LolIPopS,オリジナル,2,EASY,2025/7/24,images/0000/img0090.png
Substance,オリジナル,12.8,INFLUENCE,2026/4/23,images/0000/img0091.png
Substance,オリジナル,11.7,HARD,2026/4/23,images/0000/img0091.png
Substance,オリジナル,6,NORMAL,2026/4/23,images/0000/img0091.png
Substance,オリジナル,3,EASY,2026/4/23,images/0000/img0091.png
Poppin☆Mystic,バラエティ,12.8,INFLUENCE,2025/8/7,images/0000/img0092.png
Poppin☆Mystic,バラエティ,9,HARD,2025/8/7,images/0000/img0092.png
Poppin☆Mystic,バラエティ,7,NORMAL,2025/8/7,images/0000/img0092.png
Poppin☆Mystic,バラエティ,2,EASY,2025/8/7,images/0000/img0092.png
PUNISHER,オリジナル,12.8,INFLUENCE,2025/8/7,images/0000/img0093.png
PUNISHER,オリジナル,10.8,HARD,2025/8/7,images/0000/img0093.png
PUNISHER,オリジナル,6,NORMAL,2025/8/7,images/0000/img0093.png
PUNISHER,オリジナル,3,EASY,2025/8/7,images/0000/img0093.png
Nobody knows,オリジナル,12.8,INFLUENCE,2026/3/26,images/0000/img0094.png
Nobody knows,オリジナル,9,HARD,2026/3/26,images/0000/img0094.png
Nobody knows,オリジナル,5,NORMAL,2026/3/26,images/0000/img0094.png
Nobody knows,オリジナル,2,EASY,2026/3/26,images/0000/img0094.png
I'm so Happy,オリジナル,12.8,INFLUENCE,2025/6/4,images/0000/img0095.png
I'm so Happy,オリジナル,10.6,HARD,2025/6/4,images/0000/img0095.png
I'm so Happy,オリジナル,6,NORMAL,2025/6/4,images/0000/img0095.png
I'm so Happy,オリジナル,3,EASY,2025/6/4,images/0000/img0095.png
Heartquake Super Shock,東方,12.8,INFLUENCE,2024/11/14,images/0000/img0096.png
Heartquake Super Shock,東方,10,HARD,2024/11/14,images/0000/img0096.png
Heartquake Super Shock,東方,6,NORMAL,2024/11/14,images/0000/img0096.png
Heartquake Super Shock,東方,3,EASY,2024/11/14,images/0000/img0096.png
Deep tenDon Reflex,オリジナル,12.8,INFLUENCE,2026/6/18,images/0000/img0097.png
Deep tenDon Reflex,オリジナル,10.6,HARD,2026/6/18,images/0000/img0097.png
Deep tenDon Reflex,オリジナル,6,NORMAL,2026/6/18,images/0000/img0097.png
Deep tenDon Reflex,オリジナル,3,EASY,2026/6/18,images/0000/img0097.png
Altale,バラエティ,12.8,INFLUENCE,2024/12/11,images/0000/img0098.png
Altale,バラエティ,8,HARD,2024/12/11,images/0000/img0098.png
Altale,バラエティ,5,NORMAL,2024/12/11,images/0000/img0098.png
Altale,バラエティ,3,EASY,2024/12/11,images/0000/img0098.png
#病みカワ,Virtual,12.8,INFLUENCE,2024/3/27,images/0000/img0099.png
#病みカワ,Virtual,9,HARD,2024/3/27,images/0000/img0099.png
#病みカワ,Virtual,6,NORMAL,2024/3/27,images/0000/img0099.png
#病みカワ,Virtual,4,EASY,2024/3/27,images/0000/img0099.png
爆なな☆てすとロイヤー,オリジナル,12.7,INFLUENCE,2025/1/22,images/0100/img0100.png
爆なな☆てすとロイヤー,オリジナル,10,HARD,2025/1/22,images/0100/img0100.png
爆なな☆てすとロイヤー,オリジナル,7,NORMAL,2025/1/22,images/0100/img0100.png
爆なな☆てすとロイヤー,オリジナル,3,EASY,2025/1/22,images/0100/img0100.png
晴天Bon Voyage,オリジナル,12.7,INFLUENCE,2025/3/27,images/0100/img0101.png
晴天Bon Voyage,オリジナル,10.5,HARD,2025/3/27,images/0100/img0101.png
晴天Bon Voyage,オリジナル,7,NORMAL,2025/3/27,images/0100/img0101.png
晴天Bon Voyage,オリジナル,3,EASY,2025/3/27,images/0100/img0101.png
感情ディシーブ (福來羽留 Cover),ソーシャルミュージック,12.7,INFLUENCE,2025/3/27,images/0100/img0102.png
感情ディシーブ (福來羽留 Cover),ソーシャルミュージック,10.5,HARD,2025/3/27,images/0100/img0102.png
感情ディシーブ (福來羽留 Cover),ソーシャルミュージック,7,NORMAL,2025/3/27,images/0100/img0102.png
感情ディシーブ (福來羽留 Cover),ソーシャルミュージック,2,EASY,2025/3/27,images/0100/img0102.png
恋はどう？モロ◎波動OK☆方程式！！ (福來羽羅 Cover),オリジナル,12.7,INFLUENCE,2024/12/11,images/0100/img0103.png
恋はどう？モロ◎波動OK☆方程式！！ (福來羽羅 Cover),オリジナル,9,HARD,2024/12/11,images/0100/img0103.png
恋はどう？モロ◎波動OK☆方程式！！ (福來羽羅 Cover),オリジナル,7,NORMAL,2024/12/11,images/0100/img0103.png
恋はどう？モロ◎波動OK☆方程式！！ (福來羽羅 Cover),オリジナル,3,EASY,2024/12/11,images/0100/img0103.png
初音ミクの消失,ソーシャルミュージック,12.7,INFLUENCE,2024/9/11,images/0100/img0104.png
初音ミクの消失,ソーシャルミュージック,9,HARD,2024/9/11,images/0100/img0104.png
初音ミクの消失,ソーシャルミュージック,5,NORMAL,2024/9/11,images/0100/img0104.png
初音ミクの消失,ソーシャルミュージック,3,EASY,2024/9/11,images/0100/img0104.png
ランカーキラーガール,オリジナル,12.7,INFLUENCE,2024/9/4,images/0100/img0105.png
ランカーキラーガール,オリジナル,11,HARD,2024/9/4,images/0100/img0105.png
ランカーキラーガール,オリジナル,7,NORMAL,2024/9/4,images/0100/img0105.png
ランカーキラーガール,オリジナル,2,EASY,2024/9/4,images/0100/img0105.png
ラビットホール,ソーシャルミュージック,12.7,INFLUENCE,2024/4/18,images/0100/img0106.png
ラビットホール,ソーシャルミュージック,11.5,HARD,2024/4/18,images/0100/img0106.png
ラビットホール,ソーシャルミュージック,7,NORMAL,2024/4/18,images/0100/img0106.png
ラビットホール,ソーシャルミュージック,4,EASY,2024/4/18,images/0100/img0106.png
ラキラキ,オリジナル,12.7,INFLUENCE,2025/3/27,images/0100/img0107.png
ラキラキ,オリジナル,10.5,HARD,2025/3/27,images/0100/img0107.png
ラキラキ,オリジナル,6,NORMAL,2025/3/27,images/0100/img0107.png
ラキラキ,オリジナル,2,EASY,2025/3/27,images/0100/img0107.png
セツナトリップ,ソーシャルミュージック,12.7,INFLUENCE,2024/9/11,images/0100/img0108.png
セツナトリップ,ソーシャルミュージック,10.4,HARD,2024/9/11,images/0100/img0108.png
セツナトリップ,ソーシャルミュージック,7,NORMAL,2024/9/11,images/0100/img0108.png
セツナトリップ,ソーシャルミュージック,3,EASY,2024/9/11,images/0100/img0108.png
シグナライズ,オリジナル,12.7,INFLUENCE,2026/1/22,images/0100/img0109.png
シグナライズ,オリジナル,10.4,HARD,2026/1/22,images/0100/img0109.png
シグナライズ,オリジナル,7,NORMAL,2026/1/22,images/0100/img0109.png
シグナライズ,オリジナル,2,EASY,2026/1/22,images/0100/img0109.png
エクスプロウル,ソーシャルミュージック,12.7,INFLUENCE,2025/6/26,images/0100/img0110.png
エクスプロウル,ソーシャルミュージック,9,HARD,2025/6/26,images/0100/img0110.png
エクスプロウル,ソーシャルミュージック,5,NORMAL,2025/6/26,images/0100/img0110.png
エクスプロウル,ソーシャルミュージック,2,EASY,2025/6/26,images/0100/img0110.png
ぐしゃ,オリジナル,12.7,INFLUENCE,2024/3/27,images/0100/img0111.png
ぐしゃ,オリジナル,8,HARD,2024/3/27,images/0100/img0111.png
ぐしゃ,オリジナル,6,NORMAL,2024/3/27,images/0100/img0111.png
ぐしゃ,オリジナル,2,EASY,2024/3/27,images/0100/img0111.png
What an amazing swing,Virtual,12.7,INFLUENCE,2024/3/27,images/0100/img0112.png
What an amazing swing,Virtual,9,HARD,2024/3/27,images/0100/img0112.png
What an amazing swing,Virtual,7,NORMAL,2024/3/27,images/0100/img0112.png
What an amazing swing,Virtual,3,EASY,2024/3/27,images/0100/img0112.png
ULTRA SYNERGY MATRIX,バラエティ,12.7,INFLUENCE,2024/12/20,images/0100/img0113.png
ULTRA SYNERGY MATRIX,バラエティ,10.8,HARD,2024/12/20,images/0100/img0113.png
ULTRA SYNERGY MATRIX,バラエティ,6,NORMAL,2024/12/20,images/0100/img0113.png
ULTRA SYNERGY MATRIX,バラエティ,3,EASY,2024/12/20,images/0100/img0113.png
Squeeze,オリジナル,12.7,INFLUENCE,2025/10/23,images/0100/img0114.png
Squeeze,オリジナル,10,HARD,2025/10/23,images/0100/img0114.png
Squeeze,オリジナル,7,NORMAL,2025/10/23,images/0100/img0114.png
Squeeze,オリジナル,3,EASY,2025/10/23,images/0100/img0114.png
RunRunAround,Virtual,12.7,INFLUENCE,2024/5/3,images/0100/img0115.png
RunRunAround,Virtual,9,HARD,2024/5/3,images/0100/img0115.png
RunRunAround,Virtual,7,NORMAL,2024/5/3,images/0100/img0115.png
RunRunAround,Virtual,3,EASY,2024/5/3,images/0100/img0115.png
Raise your voice!,Virtual,12.7,INFLUENCE,2024/3/27,images/0100/img0116.png
Raise your voice!,Virtual,7,HARD,2024/3/27,images/0100/img0116.png
Raise your voice!,Virtual,4,NORMAL,2024/3/27,images/0100/img0116.png
Raise your voice!,Virtual,2,EASY,2024/3/27,images/0100/img0116.png
Prayer,オリジナル,12.7,INFLUENCE,2025/5/1,images/0100/img0117.png
Prayer,オリジナル,9,HARD,2025/5/1,images/0100/img0117.png
Prayer,オリジナル,5,NORMAL,2025/5/1,images/0100/img0117.png
Prayer,オリジナル,3,EASY,2025/5/1,images/0100/img0117.png
No Rule Adventure,オリジナル,12.7,INFLUENCE,2026/3/26,images/0100/img0118.png
No Rule Adventure,オリジナル,11.3,HARD,2026/3/26,images/0100/img0118.png
No Rule Adventure,オリジナル,6,NORMAL,2026/3/26,images/0100/img0118.png
No Rule Adventure,オリジナル,3,EASY,2026/3/26,images/0100/img0118.png
HOLOGRAPHY,オリジナル,12.7,INFLUENCE,2024/7/25,images/0100/img0119.png
HOLOGRAPHY,オリジナル,10.6,HARD,2024/7/25,images/0100/img0119.png
HOLOGRAPHY,オリジナル,7,NORMAL,2024/7/25,images/0100/img0119.png
HOLOGRAPHY,オリジナル,2,EASY,2024/7/25,images/0100/img0119.png
FLVSH OUT,バラエティ,12.7,INFLUENCE,2024/12/11,images/0100/img0120.png
FLVSH OUT,バラエティ,10.3,HARD,2024/12/11,images/0100/img0120.png
FLVSH OUT,バラエティ,7,NORMAL,2024/12/11,images/0100/img0120.png
FLVSH OUT,バラエティ,4,EASY,2024/12/11,images/0100/img0120.png
Engraved Mark,オリジナル,12.7,INFLUENCE,2026/1/8,images/0100/img0121.png
Engraved Mark,オリジナル,10.4,HARD,2026/1/8,images/0100/img0121.png
Engraved Mark,オリジナル,7,NORMAL,2026/1/8,images/0100/img0121.png
Engraved Mark,オリジナル,3,EASY,2026/1/8,images/0100/img0121.png
Dazzling star,オリジナル,12.7,INFLUENCE,2026/7/23,images/0100/img0122.png
Dazzling star,オリジナル,10.5,HARD,2026/7/23,images/0100/img0122.png
Dazzling star,オリジナル,8,NORMAL,2026/7/23,images/0100/img0122.png
Dazzling star,オリジナル,3,EASY,2026/7/23,images/0100/img0122.png
Big Daddy,バラエティ,12.7,INFLUENCE,2025/3/27,images/0100/img0123.png
Big Daddy,バラエティ,9,HARD,2025/3/27,images/0100/img0123.png
Big Daddy,バラエティ,6,NORMAL,2025/3/27,images/0100/img0123.png
Big Daddy,バラエティ,3,EASY,2025/3/27,images/0100/img0123.png
Bad ∞ End ∞ Night,ソーシャルミュージック,12.7,INFLUENCE,2025/1/15,images/0100/img0124.png
Bad ∞ End ∞ Night,ソーシャルミュージック,9,HARD,2025/1/15,images/0100/img0124.png
Bad ∞ End ∞ Night,ソーシャルミュージック,6,NORMAL,2025/1/15,images/0100/img0124.png
Bad ∞ End ∞ Night,ソーシャルミュージック,3,EASY,2025/1/15,images/0100/img0124.png
眠り姫のお菓子な大冒険！,オリジナル,12.6,INFLUENCE,2026/8/20,images/0100/img0125.png
眠り姫のお菓子な大冒険！,オリジナル,11.3,HARD,2026/8/20,images/0100/img0125.png
眠り姫のお菓子な大冒険！,オリジナル,6,NORMAL,2026/8/20,images/0100/img0125.png
眠り姫のお菓子な大冒険！,オリジナル,4,EASY,2026/8/20,images/0100/img0125.png
狂水一華,オリジナル,12.6,INFLUENCE,2024/9/4,images/0100/img0126.png
狂水一華,オリジナル,10,HARD,2024/9/4,images/0100/img0126.png
狂水一華,オリジナル,7,NORMAL,2024/9/4,images/0100/img0126.png
狂水一華,オリジナル,3,EASY,2024/9/4,images/0100/img0126.png
朱と碧のランページ,Virtual,12.6,INFLUENCE,2025/9/29,images/0100/img0127.png
朱と碧のランページ,Virtual,10.1,HARD,2025/9/29,images/0100/img0127.png
朱と碧のランページ,Virtual,6,NORMAL,2025/9/29,images/0100/img0127.png
朱と碧のランページ,Virtual,2,EASY,2025/9/29,images/0100/img0127.png
打打打打打打打打打打,オリジナル,12.6,INFLUENCE,2024/10/10,images/0100/img0128.png
打打打打打打打打打打,オリジナル,10.3,HARD,2024/10/10,images/0100/img0128.png
打打打打打打打打打打,オリジナル,6,NORMAL,2024/10/10,images/0100/img0128.png
打打打打打打打打打打,オリジナル,3,EASY,2024/10/10,images/0100/img0128.png
悲報！ワイ！ニート！,ソーシャルミュージック,12.6,INFLUENCE,2025/6/19,images/0100/img0129.png
悲報！ワイ！ニート！,ソーシャルミュージック,8,HARD,2025/6/19,images/0100/img0129.png
悲報！ワイ！ニート！,ソーシャルミュージック,7,NORMAL,2025/6/19,images/0100/img0129.png
悲報！ワイ！ニート！,ソーシャルミュージック,4,EASY,2025/6/19,images/0100/img0129.png
ロストワンの号哭,ソーシャルミュージック,12.6,INFLUENCE,2024/3/27,images/0100/img0130.png
ロストワンの号哭,ソーシャルミュージック,10.8,HARD,2024/3/27,images/0100/img0130.png
ロストワンの号哭,ソーシャルミュージック,7,NORMAL,2024/3/27,images/0100/img0130.png
ロストワンの号哭,ソーシャルミュージック,4,EASY,2024/3/27,images/0100/img0130.png
ラブキラ☆スプラッシュ,オリジナル,12.6,INFLUENCE,2024/9/26,images/0100/img0131.png
ラブキラ☆スプラッシュ,オリジナル,10,HARD,2024/9/26,images/0100/img0131.png
ラブキラ☆スプラッシュ,オリジナル,6,NORMAL,2024/9/26,images/0100/img0131.png
ラブキラ☆スプラッシュ,オリジナル,2,EASY,2024/9/26,images/0100/img0131.png
ライメイ,Virtual,12.6,INFLUENCE,2024/8/1,images/0100/img0132.png
ライメイ,Virtual,8,HARD,2024/8/1,images/0100/img0132.png
ライメイ,Virtual,7,NORMAL,2024/8/1,images/0100/img0132.png
ライメイ,Virtual,2,EASY,2024/8/1,images/0100/img0132.png
モンスターカミング,Virtual,12.6,INFLUENCE,2024/3/27,images/0100/img0115.png
モンスターカミング,Virtual,8,HARD,2024/3/27,images/0100/img0115.png
モンスターカミング,Virtual,4,NORMAL,2024/3/27,images/0100/img0115.png
モンスターカミング,Virtual,2,EASY,2024/3/27,images/0100/img0115.png
ホーンテッド★メイドランチ,オリジナル,12.6,INFLUENCE,2025/11/13,images/0100/img0133.png
ホーンテッド★メイドランチ,オリジナル,9,HARD,2025/11/13,images/0100/img0133.png
ホーンテッド★メイドランチ,オリジナル,6,NORMAL,2025/11/13,images/0100/img0133.png
ホーンテッド★メイドランチ,オリジナル,3,EASY,2025/11/13,images/0100/img0133.png
ネハン,ソーシャルミュージック,12.6,INFLUENCE,2025/4/23,images/0100/img0134.png
ネハン,ソーシャルミュージック,9,HARD,2025/4/23,images/0100/img0134.png
ネハン,ソーシャルミュージック,5,NORMAL,2025/4/23,images/0100/img0134.png
ネハン,ソーシャルミュージック,2,EASY,2025/4/23,images/0100/img0134.png
テトリス,ソーシャルミュージック,12.6,INFLUENCE,2025/4/1,images/0100/img0135.png
テトリス,ソーシャルミュージック,10.4,HARD,2025/4/1,images/0100/img0135.png
テトリス,ソーシャルミュージック,6,NORMAL,2025/4/1,images/0100/img0135.png
テトリス,ソーシャルミュージック,3,EASY,2025/4/1,images/0100/img0135.png
のだ,ソーシャルミュージック,12.6,INFLUENCE,2025/1/29,images/0100/img0136.png
のだ,ソーシャルミュージック,9,HARD,2025/1/29,images/0100/img0136.png
のだ,ソーシャルミュージック,6,NORMAL,2025/1/29,images/0100/img0136.png
のだ,ソーシャルミュージック,2,EASY,2025/1/29,images/0100/img0136.png
なかま歌,Virtual,12.6,INFLUENCE,2024/12/25,images/0100/img0137.png
なかま歌,Virtual,10.5,HARD,2024/12/25,images/0100/img0137.png
なかま歌,Virtual,7,NORMAL,2024/12/25,images/0100/img0137.png
なかま歌,Virtual,2,EASY,2024/12/25,images/0100/img0137.png
Welcome!!,オリジナル,12.6,INFLUENCE,2025/3/3,images/0100/img0138.png
Welcome!!,オリジナル,10.5,HARD,2025/3/3,images/0100/img0138.png
Welcome!!,オリジナル,7,NORMAL,2025/3/3,images/0100/img0138.png
Welcome!!,オリジナル,4,EASY,2025/3/3,images/0100/img0138.png
Two♡Hearts,バラエティ,12.6,INFLUENCE,2024/12/24,images/0100/img0139.png
Two♡Hearts,バラエティ,10.7,HARD,2024/12/24,images/0100/img0139.png
Two♡Hearts,バラエティ,6,NORMAL,2024/12/24,images/0100/img0139.png
Two♡Hearts,バラエティ,3,EASY,2024/12/24,images/0100/img0139.png
Stellar Stellar,Virtual,12.6,INFLUENCE,2024/12/11,images/0100/img0140.png
Stellar Stellar,Virtual,9,HARD,2024/12/11,images/0100/img0140.png
Stellar Stellar,Virtual,6,NORMAL,2024/12/11,images/0100/img0140.png
Stellar Stellar,Virtual,3,EASY,2024/12/11,images/0100/img0140.png
MeteorA,オリジナル,12.6,INFLUENCE,2024/10/24,images/0100/img0141.png
MeteorA,オリジナル,10.2,HARD,2024/10/24,images/0100/img0141.png
MeteorA,オリジナル,7,NORMAL,2024/10/24,images/0100/img0141.png
MeteorA,オリジナル,3,EASY,2024/10/24,images/0100/img0141.png
Heroic DIVE!!,オリジナル,12.6,INFLUENCE,2025/10/9,images/0100/img0142.png
Heroic DIVE!!,オリジナル,9,HARD,2025/10/9,images/0100/img0142.png
Heroic DIVE!!,オリジナル,7,NORMAL,2025/10/9,images/0100/img0142.png
Heroic DIVE!!,オリジナル,3,EASY,2025/10/9,images/0100/img0142.png
Grip & Break down !!,東方,12.6,INFLUENCE,2024/5/30,images/0100/img0143.png
Grip & Break down !!,東方,9,HARD,2024/5/30,images/0100/img0143.png
Grip & Break down !!,東方,7,NORMAL,2024/5/30,images/0100/img0143.png
Grip & Break down !!,東方,2,EASY,2024/5/30,images/0100/img0143.png
Empathetic,オリジナル,12.6,INFLUENCE,2025/3/27,images/0100/img0144.png
Empathetic,オリジナル,9,HARD,2025/3/27,images/0100/img0144.png
Empathetic,オリジナル,7,NORMAL,2025/3/27,images/0100/img0144.png
Empathetic,オリジナル,3,EASY,2025/3/27,images/0100/img0144.png
DULLY,Virtual,12.6,INFLUENCE,2025/1/22,images/0100/img0145.png
DULLY,Virtual,10.4,HARD,2025/1/22,images/0100/img0145.png
DULLY,Virtual,7,NORMAL,2025/1/22,images/0100/img0145.png
DULLY,Virtual,4,EASY,2025/1/22,images/0100/img0145.png
Citrus Burst,オリジナル,12.6,INFLUENCE,2025/9/3,images/0100/img0146.png
Citrus Burst,オリジナル,10.6,HARD,2025/9/3,images/0100/img0146.png
Citrus Burst,オリジナル,6,NORMAL,2025/9/3,images/0100/img0146.png
Citrus Burst,オリジナル,3,EASY,2025/9/3,images/0100/img0146.png
Carry Me Away,オリジナル,12.6,INFLUENCE,2025/9/26,images/0100/img0147.png
Carry Me Away,オリジナル,10.1,HARD,2025/9/26,images/0100/img0147.png
Carry Me Away,オリジナル,7,NORMAL,2025/9/26,images/0100/img0147.png
Carry Me Away,オリジナル,3,EASY,2025/9/26,images/0100/img0147.png
Brand New Day,ソーシャルミュージック,12.6,INFLUENCE,2024/12/11,images/0100/img0148.png
Brand New Day,ソーシャルミュージック,9,HARD,2024/12/11,images/0100/img0148.png
Brand New Day,ソーシャルミュージック,5,NORMAL,2024/12/11,images/0100/img0148.png
Brand New Day,ソーシャルミュージック,3,EASY,2024/12/11,images/0100/img0148.png
BLOOM,バラエティ,12.6,INFLUENCE,2025/3/27,images/0100/img0149.png
BLOOM,バラエティ,9,HARD,2025/3/27,images/0100/img0149.png
BLOOM,バラエティ,6,NORMAL,2025/3/27,images/0100/img0149.png
BLOOM,バラエティ,2,EASY,2025/3/27,images/0100/img0149.png
覚悟せよ！エンタンメ～ン ～より身の切り売り自暴自棄版～,ソーシャルミュージック,12.5,INFLUENCE,2025/6/12,images/0100/img0150.png
覚悟せよ！エンタンメ～ン ～より身の切り売り自暴自棄版～,ソーシャルミュージック,10.9,HARD,2025/6/12,images/0100/img0150.png
覚悟せよ！エンタンメ～ン ～より身の切り売り自暴自棄版～,ソーシャルミュージック,7,NORMAL,2025/6/12,images/0100/img0150.png
覚悟せよ！エンタンメ～ン ～より身の切り売り自暴自棄版～,ソーシャルミュージック,4,EASY,2025/6/12,images/0100/img0150.png
空っぽの箱庭,Virtual,12.5,INFLUENCE,2024/3/27,images/0100/img0151.png
空っぽの箱庭,Virtual,7,HARD,2024/3/27,images/0100/img0151.png
空っぽの箱庭,Virtual,5,NORMAL,2024/3/27,images/0100/img0151.png
空っぽの箱庭,Virtual,3,EASY,2024/3/27,images/0100/img0151.png
弾幕信仰,東方,12.5,INFLUENCE,2024/8/7,images/0100/img0152.png
弾幕信仰,東方,9,HARD,2024/8/7,images/0100/img0152.png
弾幕信仰,東方,6,NORMAL,2024/8/7,images/0100/img0152.png
弾幕信仰,東方,3,EASY,2024/8/7,images/0100/img0152.png
幻想龍殺蟲毒少女・姫虫百々世,東方,12.5,INFLUENCE,2024/9/26,images/0100/img0153.png
幻想龍殺蟲毒少女・姫虫百々世,東方,10.3,HARD,2024/9/26,images/0100/img0153.png
幻想龍殺蟲毒少女・姫虫百々世,東方,7,NORMAL,2024/9/26,images/0100/img0153.png
幻想龍殺蟲毒少女・姫虫百々世,東方,3,EASY,2024/9/26,images/0100/img0153.png
メズマライザー,ソーシャルミュージック,12.5,INFLUENCE,2024/8/9,images/0100/img0154.png
メズマライザー,ソーシャルミュージック,9,HARD,2024/8/9,images/0100/img0154.png
メズマライザー,ソーシャルミュージック,6,NORMAL,2024/8/9,images/0100/img0154.png
メズマライザー,ソーシャルミュージック,3,EASY,2024/8/9,images/0100/img0154.png
ムラサキグルマ,オリジナル,12.5,INFLUENCE,2025/2/14,images/0100/img0155.png
ムラサキグルマ,オリジナル,10,HARD,2025/2/14,images/0100/img0155.png
ムラサキグルマ,オリジナル,6,NORMAL,2025/2/14,images/0100/img0155.png
ムラサキグルマ,オリジナル,2,EASY,2025/2/14,images/0100/img0155.png
パ→ピ→プ→Yeah! (大海嘯オルカ Cover),オリジナル,12.5,INFLUENCE,2024/5/3,images/0100/img0156.png
パ→ピ→プ→Yeah! (大海嘯オルカ Cover),オリジナル,9,HARD,2024/5/3,images/0100/img0156.png
パ→ピ→プ→Yeah! (大海嘯オルカ Cover),オリジナル,6,NORMAL,2024/5/3,images/0100/img0156.png
パ→ピ→プ→Yeah! (大海嘯オルカ Cover),オリジナル,4,EASY,2024/5/3,images/0100/img0156.png
スカーレット警察のゲットーパトロール24時,東方,12.5,INFLUENCE,2024/3/27,images/0100/img0157.png
スカーレット警察のゲットーパトロール25時,東方,10.9,HARD,2024/3/27,images/0100/img0157.png
スカーレット警察のゲットーパトロール26時,東方,5,NORMAL,2024/3/27,images/0100/img0157.png
スカーレット警察のゲットーパトロール27時,東方,2,EASY,2024/3/27,images/0100/img0157.png
ケロ⑨destiny,東方,12.5,INFLUENCE,2025/5/14,images/0100/img0158.png
ケロ⑨destiny,東方,10,HARD,2025/5/14,images/0100/img0158.png
ケロ⑨destiny,東方,6,NORMAL,2025/5/14,images/0100/img0158.png
ケロ⑨destiny,東方,2,EASY,2025/5/14,images/0100/img0158.png
エイリアンエイリアン (富士葵 Cover),Virtual,12.5,INFLUENCE,2024/3/27,images/0100/img0159.png
エイリアンエイリアン (富士葵 Cover),Virtual,9,HARD,2024/3/27,images/0100/img0159.png
エイリアンエイリアン (富士葵 Cover),Virtual,6,NORMAL,2024/3/27,images/0100/img0159.png
エイリアンエイリアン (富士葵 Cover),Virtual,3,EASY,2024/3/27,images/0100/img0159.png
アイスクリームマジック,ソーシャルミュージック,12.5,INFLUENCE,2025/6/26,images/0100/img0160.png
アイスクリームマジック,ソーシャルミュージック,9,HARD,2025/6/26,images/0100/img0160.png
アイスクリームマジック,ソーシャルミュージック,6,NORMAL,2025/6/26,images/0100/img0160.png
アイスクリームマジック,ソーシャルミュージック,3,EASY,2025/6/26,images/0100/img0160.png
えんじぇる☆てすと！,ソーシャルミュージック,12.5,INFLUENCE,2026/2/5,images/0100/img0161.png
えんじぇる☆てすと！,ソーシャルミュージック,9,HARD,2026/2/5,images/0100/img0161.png
えんじぇる☆てすと！,ソーシャルミュージック,6,NORMAL,2026/2/5,images/0100/img0161.png
えんじぇる☆てすと！,ソーシャルミュージック,2,EASY,2026/2/5,images/0100/img0161.png
unipolar♡heart,オリジナル,12.5,INFLUENCE,2026/3/26,images/0100/img0162.png
unipolar♡heart,オリジナル,10.8,HARD,2026/3/26,images/0100/img0162.png
unipolar♡heart,オリジナル,6,NORMAL,2026/3/26,images/0100/img0162.png
unipolar♡heart,オリジナル,2,EASY,2026/3/26,images/0100/img0162.png
WAO!!,Virtual,12.5,INFLUENCE,2024/12/11,images/0100/img0163.png
WAO!!,Virtual,9,HARD,2024/12/11,images/0100/img0163.png
WAO!!,Virtual,6,NORMAL,2024/12/11,images/0100/img0163.png
WAO!!,Virtual,3,EASY,2024/12/11,images/0100/img0163.png
Moon shadow,オリジナル,12.5,INFLUENCE,2025/3/3,images/0100/img0164.png
Moon shadow,オリジナル,8,HARD,2025/3/3,images/0100/img0164.png
Moon shadow,オリジナル,5,NORMAL,2025/3/3,images/0100/img0164.png
Moon shadow,オリジナル,1,EASY,2025/3/3,images/0100/img0164.png
Laughin' Muffin,オリジナル,12.5,INFLUENCE,2024/10/24,images/0100/img0165.png
Laughin' Muffin,オリジナル,10.1,HARD,2024/10/24,images/0100/img0165.png
Laughin' Muffin,オリジナル,6,NORMAL,2024/10/24,images/0100/img0165.png
Laughin' Muffin,オリジナル,3,EASY,2024/10/24,images/0100/img0165.png
If,オリジナル,12.5,INFLUENCE,2024/10/24,images/0100/img0166.png
If,オリジナル,10.1,HARD,2024/10/24,images/0100/img0166.png
If,オリジナル,6,NORMAL,2024/10/24,images/0100/img0166.png
If,オリジナル,3,EASY,2024/10/24,images/0100/img0166.png
閃光花火,Virtual,12.4,INFLUENCE,2024/3/27,images/0100/img0167.png
閃光花火,Virtual,10.7,HARD,2024/3/27,images/0100/img0167.png
閃光花火,Virtual,4,NORMAL,2024/3/27,images/0100/img0167.png
閃光花火,Virtual,2,EASY,2024/3/27,images/0100/img0167.png
臨界ダイバー,ソーシャルミュージック,12.4,INFLUENCE,2024/5/3,images/0100/img0168.png
臨界ダイバー,ソーシャルミュージック,9,HARD,2024/5/3,images/0100/img0168.png
臨界ダイバー,ソーシャルミュージック,5,NORMAL,2024/5/3,images/0100/img0168.png
臨界ダイバー,ソーシャルミュージック,2,EASY,2024/5/3,images/0100/img0168.png
夢見る羊,Virtual,12.4,INFLUENCE,2024/3/27,images/0100/img0169.png
夢見る羊,Virtual,9,HARD,2024/3/27,images/0100/img0169.png
夢見る羊,Virtual,4,NORMAL,2024/3/27,images/0100/img0169.png
夢見る羊,Virtual,2,EASY,2024/3/27,images/0100/img0169.png
双星ルミネセンス,オリジナル,12.4,INFLUENCE,2025/9/10,images/0100/img0170.png
双星ルミネセンス,オリジナル,10.5,HARD,2025/9/10,images/0100/img0170.png
双星ルミネセンス,オリジナル,7,NORMAL,2025/9/10,images/0100/img0170.png
双星ルミネセンス,オリジナル,3,EASY,2025/9/10,images/0100/img0170.png
丫,バラエティ,12.4,INFLUENCE,2025/3/27,images/0100/img0171.png
丫,バラエティ,9,HARD,2025/3/27,images/0100/img0171.png
丫,バラエティ,5,NORMAL,2025/3/27,images/0100/img0171.png
丫,バラエティ,2,EASY,2025/3/27,images/0100/img0171.png
ダーリンダンス,ソーシャルミュージック,12.4,INFLUENCE,2026/3/26,images/0100/img0172.png
ダーリンダンス,ソーシャルミュージック,8,HARD,2026/3/26,images/0100/img0172.png
ダーリンダンス,ソーシャルミュージック,5,NORMAL,2026/3/26,images/0100/img0172.png
ダーリンダンス,ソーシャルミュージック,2,EASY,2026/3/26,images/0100/img0172.png
コドモライブ,オリジナル,12.4,INFLUENCE,2025/12/18,images/0100/img0173.png
コドモライブ,オリジナル,10.3,HARD,2025/12/18,images/0100/img0173.png
コドモライブ,オリジナル,6,NORMAL,2025/12/18,images/0100/img0173.png
コドモライブ,オリジナル,2,EASY,2025/12/18,images/0100/img0173.png
れすきゅぅうぅぅ,Virtual,12.4,INFLUENCE,2024/4/4,images/0100/img0174.png
れすきゅぅうぅぅ,Virtual,9,HARD,2024/4/4,images/0100/img0174.png
れすきゅぅうぅぅ,Virtual,6,NORMAL,2024/4/4,images/0100/img0174.png
れすきゅぅうぅぅ,Virtual,2,EASY,2024/4/4,images/0100/img0174.png
cyanotype,Virtual,12.4,INFLUENCE,2024/4/11,images/0100/img0175.png
cyanotype,Virtual,9,HARD,2024/4/11,images/0100/img0175.png
cyanotype,Virtual,6,NORMAL,2024/4/11,images/0100/img0175.png
cyanotype,Virtual,4,EASY,2024/4/11,images/0100/img0175.png
Who are you...?,バラエティ,12.4,INFLUENCE,2024/5/3,images/0100/img0176.png
Who are you...?,バラエティ,8,HARD,2024/5/3,images/0100/img0176.png
Who are you...?,バラエティ,6,NORMAL,2024/5/3,images/0100/img0176.png
Who are you...?,バラエティ,3,EASY,2024/5/3,images/0100/img0176.png
Synchronize,オリジナル,12.4,INFLUENCE,2025/3/3,images/0100/img0177.png
Synchronize,オリジナル,8,HARD,2025/3/3,images/0100/img0177.png
Synchronize,オリジナル,5,NORMAL,2025/3/3,images/0100/img0177.png
Synchronize,オリジナル,1,EASY,2025/3/3,images/0100/img0177.png
PON☆PON☆PARADE,ソーシャルミュージック,12.4,INFLUENCE,2025/4/16,images/0100/img0178.png
PON☆PON☆PARADE,ソーシャルミュージック,10,HARD,2025/4/16,images/0100/img0178.png
PON☆PON☆PARADE,ソーシャルミュージック,6,NORMAL,2025/4/16,images/0100/img0178.png
PON☆PON☆PARADE,ソーシャルミュージック,2,EASY,2025/4/16,images/0100/img0178.png
N3XTAGE,バラエティ,12.4,INFLUENCE,2024/10/31,images/0100/img0179.png
N3XTAGE,バラエティ,9,HARD,2024/10/31,images/0100/img0179.png
N3XTAGE,バラエティ,6,NORMAL,2024/10/31,images/0100/img0179.png
N3XTAGE,バラエティ,3,EASY,2024/10/31,images/0100/img0179.png
Little Rock Overture,オリジナル,12.4,INFLUENCE,2026/3/26,images/0100/img0180.png
Little Rock Overture,オリジナル,9,HARD,2026/3/26,images/0100/img0180.png
Little Rock Overture,オリジナル,4,NORMAL,2026/3/26,images/0100/img0180.png
Little Rock Overture,オリジナル,2,EASY,2026/3/26,images/0100/img0180.png
LOTUS,オリジナル,12.4,INFLUENCE,2025/3/3,images/0100/img0181.png
LOTUS,オリジナル,9,HARD,2025/3/3,images/0100/img0181.png
LOTUS,オリジナル,5,NORMAL,2025/3/3,images/0100/img0181.png
LOTUS,オリジナル,2,EASY,2025/3/3,images/0100/img0181.png
How about rainbow flavors?( *´꒳`*)っ,オリジナル,12.4,INFLUENCE,2025/8/7,images/0100/img0182.png
How about rainbow flavors?( *´꒳`*)っ,オリジナル,8,HARD,2025/8/7,images/0100/img0182.png
How about rainbow flavors?( *´꒳`*)っ,オリジナル,5,NORMAL,2025/8/7,images/0100/img0182.png
How about rainbow flavors?( *´꒳`*)っ,オリジナル,2,EASY,2025/8/7,images/0100/img0182.png
"Hello, Hologram",Virtual,12.4,INFLUENCE,2024/3/27,images/0100/img0183.png
"Hello, Hologram",Virtual,8,HARD,2024/3/27,images/0100/img0183.png
"Hello, Hologram",Virtual,5,NORMAL,2024/3/27,images/0100/img0183.png
"Hello, Hologram",Virtual,2,EASY,2024/3/27,images/0100/img0183.png
Hastur,オリジナル,12.4,INFLUENCE,2024/10/10,images/0100/img0184.png
Hastur,オリジナル,10.3,HARD,2024/10/10,images/0100/img0184.png
Hastur,オリジナル,6,NORMAL,2024/10/10,images/0100/img0184.png
Hastur,オリジナル,3,EASY,2024/10/10,images/0100/img0184.png
Extra No.3,バラエティ,12.4,INFLUENCE,2024/12/11,images/0100/img0185.png
Extra No.3,バラエティ,10.6,HARD,2024/12/11,images/0100/img0185.png
Extra No.3,バラエティ,7,NORMAL,2024/12/11,images/0100/img0185.png
Extra No.3,バラエティ,3,EASY,2024/12/11,images/0100/img0185.png
3 A.M. ディテクティブ・ゲーム,オリジナル,12.4,INFLUENCE,2025/2/14,images/0100/img0186.png
3 A.M. ディテクティブ・ゲーム,オリジナル,9,HARD,2025/2/14,images/0100/img0186.png
3 A.M. ディテクティブ・ゲーム,オリジナル,4,NORMAL,2025/2/14,images/0100/img0186.png
3 A.M. ディテクティブ・ゲーム,オリジナル,1,EASY,2025/2/14,images/0100/img0186.png
未来証明,Virtual,12.3,INFLUENCE,2024/12/19,images/0100/img0187.png
未来証明,Virtual,9,HARD,2024/12/19,images/0100/img0187.png
未来証明,Virtual,6,NORMAL,2024/12/19,images/0100/img0187.png
未来証明,Virtual,2,EASY,2024/12/19,images/0100/img0187.png
幻想のサテライト,東方,12.3,INFLUENCE,2024/3/27,images/0100/img0188.png
幻想のサテライト,東方,10.8,HARD,2024/3/27,images/0100/img0188.png
幻想のサテライト,東方,5,NORMAL,2024/3/27,images/0100/img0188.png
幻想のサテライト,東方,2,EASY,2024/3/27,images/0100/img0188.png
ロマンシングエスケープ,オリジナル,12.3,INFLUENCE,2025/2/14,images/0100/img0189.png
ロマンシングエスケープ,オリジナル,9,HARD,2025/2/14,images/0100/img0189.png
ロマンシングエスケープ,オリジナル,6,NORMAL,2025/2/14,images/0100/img0189.png
ロマンシングエスケープ,オリジナル,1,EASY,2025/2/14,images/0100/img0189.png
ポチコの幸せな日常,オリジナル,12.3,INFLUENCE,2025/12/18,images/0100/img0190.png
ポチコの幸せな日常,オリジナル,9,HARD,2025/12/18,images/0100/img0190.png
ポチコの幸せな日常,オリジナル,6,NORMAL,2025/12/18,images/0100/img0190.png
ポチコの幸せな日常,オリジナル,2,EASY,2025/12/18,images/0100/img0190.png
オーバーライド,ソーシャルミュージック,12.3,INFLUENCE,2024/9/4,images/0100/img0191.png
オーバーライド,ソーシャルミュージック,10,HARD,2024/9/4,images/0100/img0191.png
オーバーライド,ソーシャルミュージック,5,NORMAL,2024/9/4,images/0100/img0191.png
オーバーライド,ソーシャルミュージック,3,EASY,2024/9/4,images/0100/img0191.png
"ウ""ィ""エ""",ソーシャルミュージック,12.3,INFLUENCE,2026/8/7,images/0100/img0192.png
"ウ""ィ""エ""",ソーシャルミュージック,10.3,HARD,2026/8/7,images/0100/img0192.png
"ウ""ィ""エ""",ソーシャルミュージック,6,NORMAL,2026/8/7,images/0100/img0192.png
"ウ""ィ""エ""",ソーシャルミュージック,2,EASY,2026/8/7,images/0100/img0192.png
めうめうぺったんたん！！,オリジナル,12.3,INFLUENCE,2024/4/4,images/0100/img0193.png
めうめうぺったんたん！！,オリジナル,9,HARD,2024/4/4,images/0100/img0193.png
めうめうぺったんたん！！,オリジナル,7,NORMAL,2024/4/4,images/0100/img0193.png
めうめうぺったんたん！！,オリジナル,2,EASY,2024/4/4,images/0100/img0193.png
じゅーじゅー❤︎焼肉の火からフェニックス！？〜再誕の†炭火焼き〜,オリジナル,12.3,INFLUENCE,2026/5/29,images/0100/img0194.png
じゅーじゅー❤︎焼肉の火からフェニックス！？〜再誕の†炭火焼き〜,オリジナル,9,HARD,2026/5/29,images/0100/img0194.png
じゅーじゅー❤︎焼肉の火からフェニックス！？〜再誕の†炭火焼き〜,オリジナル,6,NORMAL,2026/5/29,images/0100/img0194.png
じゅーじゅー❤︎焼肉の火からフェニックス！？〜再誕の†炭火焼き〜,オリジナル,3,EASY,2026/5/29,images/0100/img0194.png
さよならプリンセス,ソーシャルミュージック,12.3,INFLUENCE,2024/9/26,images/0100/img0195.png
さよならプリンセス,ソーシャルミュージック,10,HARD,2024/9/26,images/0100/img0195.png
さよならプリンセス,ソーシャルミュージック,6,NORMAL,2024/9/26,images/0100/img0195.png
さよならプリンセス,ソーシャルミュージック,3,EASY,2024/9/26,images/0100/img0195.png
Yum Yum Jelly,オリジナル,12.3,INFLUENCE,2026/7/16,images/0100/img0196.png
Yum Yum Jelly,オリジナル,9,HARD,2026/7/16,images/0100/img0196.png
Yum Yum Jelly,オリジナル,6,NORMAL,2026/7/16,images/0100/img0196.png
Yum Yum Jelly,オリジナル,2,EASY,2026/7/16,images/0100/img0196.png
Now on step,Virtual,12.3,INFLUENCE,2024/3/27,images/0100/img0197.png
Now on step,Virtual,10.5,HARD,2024/3/27,images/0100/img0197.png
Now on step,Virtual,5,NORMAL,2024/3/27,images/0100/img0197.png
Now on step,Virtual,2,EASY,2024/3/27,images/0100/img0197.png
My song,Virtual,12.3,INFLUENCE,2024/3/27,images/0100/img0198.png
My song,Virtual,8,HARD,2024/3/27,images/0100/img0198.png
My song,Virtual,5,NORMAL,2024/3/27,images/0100/img0198.png
My song,Virtual,3,EASY,2024/3/27,images/0100/img0198.png
MilK,バラエティ,12.3,INFLUENCE,2024/9/4,images/0100/img0199.png
MilK,バラエティ,9,HARD,2024/9/4,images/0100/img0199.png
MilK,バラエティ,7,NORMAL,2024/9/4,images/0100/img0199.png
MilK,バラエティ,3,EASY,2024/9/4,images/0100/img0199.png
MURASAME,オリジナル,12.3,INFLUENCE,2026/6/18,images/0200/img0200.png
MURASAME,オリジナル,10.7,HARD,2026/6/18,images/0200/img0200.png
MURASAME,オリジナル,7,NORMAL,2026/6/18,images/0200/img0200.png
MURASAME,オリジナル,3,EASY,2026/6/18,images/0200/img0200.png
HELLOHELL,東方,12.3,INFLUENCE,2024/5/23,images/0200/img0201.png
HELLOHELL,東方,9,HARD,2024/5/23,images/0200/img0201.png
HELLOHELL,東方,7,NORMAL,2024/5/23,images/0200/img0201.png
HELLOHELL,東方,2,EASY,2024/5/23,images/0200/img0201.png
Gale Rider,オリジナル,12.3,INFLUENCE,2024/10/10,images/0200/img0202.png
Gale Rider,オリジナル,10.1,HARD,2024/10/10,images/0200/img0202.png
Gale Rider,オリジナル,6,NORMAL,2024/10/10,images/0200/img0202.png
Gale Rider,オリジナル,3,EASY,2024/10/10,images/0200/img0202.png
ポラリスノウタ,オリジナル,12.2,INFLUENCE,2024/4/4,images/0200/img0203.png
ポラリスノウタ,オリジナル,10.8,HARD,2024/4/4,images/0200/img0203.png
ポラリスノウタ,オリジナル,6,NORMAL,2024/4/4,images/0200/img0203.png
ポラリスノウタ,オリジナル,2,EASY,2024/4/4,images/0200/img0203.png
ホイホイ☆幻想ホロイズム,Virtual,12.2,INFLUENCE,2024/3/27,images/0200/img0204.png
ホイホイ☆幻想ホロイズム,Virtual,9,HARD,2024/3/27,images/0200/img0204.png
ホイホイ☆幻想ホロイズム,Virtual,7,NORMAL,2024/3/27,images/0200/img0204.png
ホイホイ☆幻想ホロイズム,Virtual,4,EASY,2024/3/27,images/0200/img0204.png
crescent moon,東方,12.2,INFLUENCE,2025/1/8,images/0200/img0205.png
crescent moon,東方,9,HARD,2025/1/8,images/0200/img0205.png
crescent moon,東方,6,NORMAL,2025/1/8,images/0200/img0205.png
crescent moon,東方,2,EASY,2025/1/8,images/0200/img0205.png
Second Heaven,オリジナル,12.2,INFLUENCE,2026/8/7,images/0200/img0206.png
Second Heaven,オリジナル,9,HARD,2026/8/7,images/0200/img0206.png
Second Heaven,オリジナル,5,NORMAL,2026/8/7,images/0200/img0206.png
Second Heaven,オリジナル,3,EASY,2026/8/7,images/0200/img0206.png
Over the Border,Virtual,12.2,INFLUENCE,2024/3/27,images/0200/img0204.png
Over the Border,Virtual,10.8,HARD,2024/3/27,images/0200/img0204.png
Over the Border,Virtual,5,NORMAL,2024/3/27,images/0200/img0204.png
Over the Border,Virtual,2,EASY,2024/3/27,images/0200/img0204.png
HYPER LOVE,バラエティ,12.2,INFLUENCE,2024/12/24,images/0200/img0207.png
HYPER LOVE,バラエティ,9,HARD,2024/12/24,images/0200/img0207.png
HYPER LOVE,バラエティ,6,NORMAL,2024/12/24,images/0200/img0207.png
HYPER LOVE,バラエティ,3,EASY,2024/12/24,images/0200/img0207.png
DUCTFOOD,ソーシャルミュージック,12.2,INFLUENCE,2024/5/23,images/0200/img0208.png
DUCTFOOD,ソーシャルミュージック,8,HARD,2024/5/23,images/0200/img0208.png
DUCTFOOD,ソーシャルミュージック,5,NORMAL,2024/5/23,images/0200/img0208.png
DUCTFOOD,ソーシャルミュージック,3,EASY,2024/5/23,images/0200/img0208.png
粛聖!! ロリ神レクイエム☆,Virtual,12.1,INFLUENCE,2024/3/27,images/0200/img0209.png
粛聖!! ロリ神レクイエム☆,Virtual,10.2,HARD,2024/3/27,images/0200/img0209.png
粛聖!! ロリ神レクイエム☆,Virtual,5,NORMAL,2024/3/27,images/0200/img0209.png
粛聖!! ロリ神レクイエム☆,Virtual,3,EASY,2024/3/27,images/0200/img0209.png
放課後ストライド,ソーシャルミュージック,12.1,INFLUENCE,2024/3/27,images/0200/img0210.png
放課後ストライド,ソーシャルミュージック,9,HARD,2024/3/27,images/0200/img0210.png
放課後ストライド,ソーシャルミュージック,6,NORMAL,2024/3/27,images/0200/img0210.png
放課後ストライド,ソーシャルミュージック,4,EASY,2024/3/27,images/0200/img0210.png
トランスダンスアナーキー,東方,12.1,INFLUENCE,2024/4/11,images/0200/img0211.png
トランスダンスアナーキー,東方,9,HARD,2024/4/11,images/0200/img0211.png
トランスダンスアナーキー,東方,6,NORMAL,2024/4/11,images/0200/img0211.png
トランスダンスアナーキー,東方,3,EASY,2024/4/11,images/0200/img0211.png
I I I,Virtual,12.1,INFLUENCE,2024/5/23,images/0200/img0212.png
I I I,Virtual,9,HARD,2024/5/23,images/0200/img0212.png
I I I,Virtual,6,NORMAL,2024/5/23,images/0200/img0212.png
I I I,Virtual,3,EASY,2024/5/23,images/0200/img0212.png
Chronomia,バラエティ,12.1,INFLUENCE,2024/4/25,images/0200/img0213.png
Chronomia,バラエティ,10.9,HARD,2024/4/25,images/0200/img0213.png
Chronomia,バラエティ,8,NORMAL,2024/4/25,images/0200/img0213.png
Chronomia,バラエティ,4,EASY,2024/4/25,images/0200/img0213.png
雪の雫・雨の音,バラエティ,12,INFLUENCE,2025/2/19,images/0200/img0214.png
雪の雫・雨の音,バラエティ,7,HARD,2025/2/19,images/0200/img0214.png
雪の雫・雨の音,バラエティ,5,NORMAL,2025/2/19,images/0200/img0214.png
雪の雫・雨の音,バラエティ,2,EASY,2025/2/19,images/0200/img0214.png
人マニア,ソーシャルミュージック,12,INFLUENCE,2024/7/10,images/0200/img0215.png
人マニア,ソーシャルミュージック,10.1,HARD,2024/7/10,images/0200/img0215.png
人マニア,ソーシャルミュージック,7,NORMAL,2024/7/10,images/0200/img0215.png
人マニア,ソーシャルミュージック,4,EASY,2024/7/10,images/0200/img0215.png
ヒトガタ,Virtual,12,INFLUENCE,2024/3/27,images/0200/img0216.png
ヒトガタ,Virtual,9,HARD,2024/3/27,images/0200/img0216.png
ヒトガタ,Virtual,4,NORMAL,2024/3/27,images/0200/img0216.png
ヒトガタ,Virtual,2,EASY,2024/3/27,images/0200/img0216.png
ナイト・オブ・ナイツ,東方,12,INFLUENCE,2024/5/23,images/0200/img0217.png
ナイト・オブ・ナイツ,東方,8,HARD,2024/5/23,images/0200/img0217.png
ナイト・オブ・ナイツ,東方,5,NORMAL,2024/5/23,images/0200/img0217.png
ナイト・オブ・ナイツ,東方,1,EASY,2024/5/23,images/0200/img0217.png
チルノのパーフェクトさんすう学園【ビートまりお】,東方,12,INFLUENCE,2026/4/23,images/0200/img0218.png
チルノのパーフェクトさんすう学園【ビートまりお】,東方,10.9,HARD,2026/4/23,images/0200/img0218.png
チルノのパーフェクトさんすう学園【ビートまりお】,東方,7,NORMAL,2026/4/23,images/0200/img0218.png
チルノのパーフェクトさんすう学園【ビートまりお】,東方,2,EASY,2026/4/23,images/0200/img0218.png
